series_id,series_title,observed_year,observed_month,period,period_name,observed_at,cpi_value,footnotes_json
CUUR0000SAF11,"Consumer Price Index for All Urban Consumers (CPI-U): Food at home in U.S. city average, all urban consumers, not seasonally adjusted",2012,1,M01,January,2012-01,231.694,[{}]
CUUR0000SAF11,"Consumer Price Index for All Urban Consumers (CPI-U): Food at home in U.S. city average, all urban consumers, not seasonally adjusted",2012,2,M02,February,2012-02,231.18,[{}]
CUUR0000SAF11,"Consumer Price Index for All Urban Consumers (CPI-U): Food at home in U.S. city average, all urban consumers, not seasonally adjusted",2012,3,M03,March,2012-03,231.383,[{}]
CUUR0000SAF11,"Consumer Price Index for All Urban Consumers (CPI-U): Food at home in U.S. city average, all urban consumers, not seasonally adjusted",2012,4,M04,April,2012-04,231.711,[{}]
CUUR0000SAF11,"Consumer Price Index for All Urban Consumers (CPI-U): Food at home in U.S. city average, all urban consumers, not seasonally adjusted",2012,5,M05,May,2012-05,231.518,[{}]
CUUR0000SAF11,"Consumer Price Index for All Urban Consumers (CPI-U): Food at home in U.S. city average, all urban consumers, not seasonally adjusted",2012,6,M06,June,2012-06,231.515,[{}]
CUUR0000SAF11,"Consumer Price Index for All Urban Consumers (CPI-U): Food at home in U.S. city average, all urban consumers, not seasonally adjusted",2012,7,M07,July,2012-07,231.306,[{}]
CUUR0000SAF11,"Consumer Price Index for All Urban Consumers (CPI-U): Food at home in U.S. city average, all urban consumers, not seasonally adjusted",2012,8,M08,August,2012-08,231.708,[{}]
CUUR0000SAF11,"Consumer Price Index for All Urban Consumers (CPI-U): Food at home in U.S. city average, all urban consumers, not seasonally adjusted",2012,9,M09,September,2012-09,231.615,[{}]
CUUR0000SAF11,"Consumer Price Index for All Urban Consumers (CPI-U): Food at home in U.S. city average, all urban consumers, not seasonally adjusted",2012,10,M10,October,2012-10,232.456,[{}]
CUUR0000SAF11,"Consumer Price Index for All Urban Consumers (CPI-U): Food at home in U.S. city average, all urban consumers, not seasonally adjusted",2012,11,M11,November,2012-11,232.295,[{}]
CUUR0000SAF11,"Consumer Price Index for All Urban Consumers (CPI-U): Food at home in U.S. city average, all urban consumers, not seasonally adjusted",2012,12,M12,December,2012-12,232.901,[{}]
CUUR0000SAF11,"Consumer Price Index for All Urban Consumers (CPI-U): Food at home in U.S. city average, all urban consumers, not seasonally adjusted",2013,1,M01,January,2013-01,234.24,[{}]
CUUR0000SAF11,"Consumer Price Index for All Urban Consumers (CPI-U): Food at home in U.S. city average, all urban consumers, not seasonally adjusted",2013,2,M02,February,2013-02,234.033,[{}]
CUUR0000SAF11,"Consumer Price Index for All Urban Consumers (CPI-U): Food at home in U.S. city average, all urban consumers, not seasonally adjusted",2013,3,M03,March,2013-03,233.777,[{}]
CUUR0000SAF11,"Consumer Price Index for All Urban Consumers (CPI-U): Food at home in U.S. city average, all urban consumers, not seasonally adjusted",2013,4,M04,April,2013-04,234.082,[{}]
CUUR0000SAF11,"Consumer Price Index for All Urban Consumers (CPI-U): Food at home in U.S. city average, all urban consumers, not seasonally adjusted",2013,5,M05,May,2013-05,233.302,[{}]
CUUR0000SAF11,"Consumer Price Index for All Urban Consumers (CPI-U): Food at home in U.S. city average, all urban consumers, not seasonally adjusted",2013,6,M06,June,2013-06,233.499,[{}]
CUUR0000SAF11,"Consumer Price Index for All Urban Consumers (CPI-U): Food at home in U.S. city average, all urban consumers, not seasonally adjusted",2013,7,M07,July,2013-07,233.591,[{}]
CUUR0000SAF11,"Consumer Price Index for All Urban Consumers (CPI-U): Food at home in U.S. city average, all urban consumers, not seasonally adjusted",2013,8,M08,August,2013-08,233.999,[{}]
CUUR0000SAF11,"Consumer Price Index for All Urban Consumers (CPI-U): Food at home in U.S. city average, all urban consumers, not seasonally adjusted",2013,9,M09,September,2013-09,234.045,[{}]
CUUR0000SAF11,"Consumer Price Index for All Urban Consumers (CPI-U): Food at home in U.S. city average, all urban consumers, not seasonally adjusted",2013,10,M10,October,2013-10,234.418,[{}]
CUUR0000SAF11,"Consumer Price Index for All Urban Consumers (CPI-U): Food at home in U.S. city average, all urban consumers, not seasonally adjusted",2013,11,M11,November,2013-11,233.639,[{}]
CUUR0000SAF11,"Consumer Price Index for All Urban Consumers (CPI-U): Food at home in U.S. city average, all urban consumers, not seasonally adjusted",2013,12,M12,December,2013-12,233.802,[{}]
CUUR0000SAF11,"Consumer Price Index for All Urban Consumers (CPI-U): Food at home in U.S. city average, all urban consumers, not seasonally adjusted",2014,1,M01,January,2014-01,235.356,[{}]
CUUR0000SAF11,"Consumer Price Index for All Urban Consumers (CPI-U): Food at home in U.S. city average, all urban consumers, not seasonally adjusted",2014,2,M02,February,2014-02,236.114,[{}]
CUUR0000SAF11,"Consumer Price Index for All Urban Consumers (CPI-U): Food at home in U.S. city average, all urban consumers, not seasonally adjusted",2014,3,M03,March,2014-03,236.973,[{}]
CUUR0000SAF11,"Consumer Price Index for All Urban Consumers (CPI-U): Food at home in U.S. city average, all urban consumers, not seasonally adjusted",2014,4,M04,April,2014-04,238.103,[{}]
CUUR0000SAF11,"Consumer Price Index for All Urban Consumers (CPI-U): Food at home in U.S. city average, all urban consumers, not seasonally adjusted",2014,5,M05,May,2014-05,239.504,[{}]
CUUR0000SAF11,"Consumer Price Index for All Urban Consumers (CPI-U): Food at home in U.S. city average, all urban consumers, not seasonally adjusted",2014,6,M06,June,2014-06,239.147,[{}]
CUUR0000SAF11,"Consumer Price Index for All Urban Consumers (CPI-U): Food at home in U.S. city average, all urban consumers, not seasonally adjusted",2014,7,M07,July,2014-07,239.82,[{}]
CUUR0000SAF11,"Consumer Price Index for All Urban Consumers (CPI-U): Food at home in U.S. city average, all urban consumers, not seasonally adjusted",2014,8,M08,August,2014-08,240.723,[{}]
CUUR0000SAF11,"Consumer Price Index for All Urban Consumers (CPI-U): Food at home in U.S. city average, all urban consumers, not seasonally adjusted",2014,9,M09,September,2014-09,241.578,[{}]
CUUR0000SAF11,"Consumer Price Index for All Urban Consumers (CPI-U): Food at home in U.S. city average, all urban consumers, not seasonally adjusted",2014,10,M10,October,2014-10,242.121,[{}]
CUUR0000SAF11,"Consumer Price Index for All Urban Consumers (CPI-U): Food at home in U.S. city average, all urban consumers, not seasonally adjusted",2014,11,M11,November,2014-11,241.576,[{}]
CUUR0000SAF11,"Consumer Price Index for All Urban Consumers (CPI-U): Food at home in U.S. city average, all urban consumers, not seasonally adjusted",2014,12,M12,December,2014-12,242.457,[{}]
CUUR0000SAF11,"Consumer Price Index for All Urban Consumers (CPI-U): Food at home in U.S. city average, all urban consumers, not seasonally adjusted",2015,1,M01,January,2015-01,243.123,[{}]
CUUR0000SAF11,"Consumer Price Index for All Urban Consumers (CPI-U): Food at home in U.S. city average, all urban consumers, not seasonally adjusted",2015,2,M02,February,2015-02,242.906,[{}]
CUUR0000SAF11,"Consumer Price Index for All Urban Consumers (CPI-U): Food at home in U.S. city average, all urban consumers, not seasonally adjusted",2015,3,M03,March,2015-03,241.588,[{}]
CUUR0000SAF11,"Consumer Price Index for All Urban Consumers (CPI-U): Food at home in U.S. city average, all urban consumers, not seasonally adjusted",2015,4,M04,April,2015-04,241.305,[{}]
CUUR0000SAF11,"Consumer Price Index for All Urban Consumers (CPI-U): Food at home in U.S. city average, all urban consumers, not seasonally adjusted",2015,5,M05,May,2015-05,241.019,[{}]
CUUR0000SAF11,"Consumer Price Index for All Urban Consumers (CPI-U): Food at home in U.S. city average, all urban consumers, not seasonally adjusted",2015,6,M06,June,2015-06,241.494,[{}]
CUUR0000SAF11,"Consumer Price Index for All Urban Consumers (CPI-U): Food at home in U.S. city average, all urban consumers, not seasonally adjusted",2015,7,M07,July,2015-07,241.993,[{}]
CUUR0000SAF11,"Consumer Price Index for All Urban Consumers (CPI-U): Food at home in U.S. city average, all urban consumers, not seasonally adjusted",2015,8,M08,August,2015-08,242.746,[{}]
CUUR0000SAF11,"Consumer Price Index for All Urban Consumers (CPI-U): Food at home in U.S. city average, all urban consumers, not seasonally adjusted",2015,9,M09,September,2015-09,243.432,[{}]
CUUR0000SAF11,"Consumer Price Index for All Urban Consumers (CPI-U): Food at home in U.S. city average, all urban consumers, not seasonally adjusted",2015,10,M10,October,2015-10,243.779,[{}]
CUUR0000SAF11,"Consumer Price Index for All Urban Consumers (CPI-U): Food at home in U.S. city average, all urban consumers, not seasonally adjusted",2015,11,M11,November,2015-11,242.24,[{}]
CUUR0000SAF11,"Consumer Price Index for All Urban Consumers (CPI-U): Food at home in U.S. city average, all urban consumers, not seasonally adjusted",2015,12,M12,December,2015-12,241.375,[{}]
CUUR0000SAF11,"Consumer Price Index for All Urban Consumers (CPI-U): Food at home in U.S. city average, all urban consumers, not seasonally adjusted",2016,1,M01,January,2016-01,242.017,[{}]
CUUR0000SAF11,"Consumer Price Index for All Urban Consumers (CPI-U): Food at home in U.S. city average, all urban consumers, not seasonally adjusted",2016,2,M02,February,2016-02,242.062,[{}]
CUUR0000SAF11,"Consumer Price Index for All Urban Consumers (CPI-U): Food at home in U.S. city average, all urban consumers, not seasonally adjusted",2016,3,M03,March,2016-03,240.329,[{}]
CUUR0000SAF11,"Consumer Price Index for All Urban Consumers (CPI-U): Food at home in U.S. city average, all urban consumers, not seasonally adjusted",2016,4,M04,April,2016-04,240.635,[{}]
CUUR0000SAF11,"Consumer Price Index for All Urban Consumers (CPI-U): Food at home in U.S. city average, all urban consumers, not seasonally adjusted",2016,5,M05,May,2016-05,239.354,[{}]
CUUR0000SAF11,"Consumer Price Index for All Urban Consumers (CPI-U): Food at home in U.S. city average, all urban consumers, not seasonally adjusted",2016,6,M06,June,2016-06,238.43,[{}]
CUUR0000SAF11,"Consumer Price Index for All Urban Consumers (CPI-U): Food at home in U.S. city average, all urban consumers, not seasonally adjusted",2016,7,M07,July,2016-07,238.207,[{}]
CUUR0000SAF11,"Consumer Price Index for All Urban Consumers (CPI-U): Food at home in U.S. city average, all urban consumers, not seasonally adjusted",2016,8,M08,August,2016-08,238.088,[{}]
CUUR0000SAF11,"Consumer Price Index for All Urban Consumers (CPI-U): Food at home in U.S. city average, all urban consumers, not seasonally adjusted",2016,9,M09,September,2016-09,238.12,[{}]
CUUR0000SAF11,"Consumer Price Index for All Urban Consumers (CPI-U): Food at home in U.S. city average, all urban consumers, not seasonally adjusted",2016,10,M10,October,2016-10,238.145,[{}]
CUUR0000SAF11,"Consumer Price Index for All Urban Consumers (CPI-U): Food at home in U.S. city average, all urban consumers, not seasonally adjusted",2016,11,M11,November,2016-11,236.93,[{}]
CUUR0000SAF11,"Consumer Price Index for All Urban Consumers (CPI-U): Food at home in U.S. city average, all urban consumers, not seasonally adjusted",2016,12,M12,December,2016-12,236.464,[{}]
CUUR0000SAF11,"Consumer Price Index for All Urban Consumers (CPI-U): Food at home in U.S. city average, all urban consumers, not seasonally adjusted",2017,1,M01,January,2017-01,237.365,[{}]
CUUR0000SAF11,"Consumer Price Index for All Urban Consumers (CPI-U): Food at home in U.S. city average, all urban consumers, not seasonally adjusted",2017,2,M02,February,2017-02,237.918,[{}]
CUUR0000SAF11,"Consumer Price Index for All Urban Consumers (CPI-U): Food at home in U.S. city average, all urban consumers, not seasonally adjusted",2017,3,M03,March,2017-03,238.256,[{}]
CUUR0000SAF11,"Consumer Price Index for All Urban Consumers (CPI-U): Food at home in U.S. city average, all urban consumers, not seasonally adjusted",2017,4,M04,April,2017-04,238.817,[{}]
CUUR0000SAF11,"Consumer Price Index for All Urban Consumers (CPI-U): Food at home in U.S. city average, all urban consumers, not seasonally adjusted",2017,5,M05,May,2017-05,238.964,[{}]
CUUR0000SAF11,"Consumer Price Index for All Urban Consumers (CPI-U): Food at home in U.S. city average, all urban consumers, not seasonally adjusted",2017,6,M06,June,2017-06,238.3,[{}]
CUUR0000SAF11,"Consumer Price Index for All Urban Consumers (CPI-U): Food at home in U.S. city average, all urban consumers, not seasonally adjusted",2017,7,M07,July,2017-07,238.953,[{}]
CUUR0000SAF11,"Consumer Price Index for All Urban Consumers (CPI-U): Food at home in U.S. city average, all urban consumers, not seasonally adjusted",2017,8,M08,August,2017-08,238.843,[{}]
CUUR0000SAF11,"Consumer Price Index for All Urban Consumers (CPI-U): Food at home in U.S. city average, all urban consumers, not seasonally adjusted",2017,9,M09,September,2017-09,239.128,[{}]
CUUR0000SAF11,"Consumer Price Index for All Urban Consumers (CPI-U): Food at home in U.S. city average, all urban consumers, not seasonally adjusted",2017,10,M10,October,2017-10,239.543,[{}]
CUUR0000SAF11,"Consumer Price Index for All Urban Consumers (CPI-U): Food at home in U.S. city average, all urban consumers, not seasonally adjusted",2017,11,M11,November,2017-11,238.403,[{}]
CUUR0000SAF11,"Consumer Price Index for All Urban Consumers (CPI-U): Food at home in U.S. city average, all urban consumers, not seasonally adjusted",2017,12,M12,December,2017-12,238.579,[{}]
CUUR0000SAF11,"Consumer Price Index for All Urban Consumers (CPI-U): Food at home in U.S. city average, all urban consumers, not seasonally adjusted",2018,1,M01,January,2018-01,239.828,[{}]
CUUR0000SAF11,"Consumer Price Index for All Urban Consumers (CPI-U): Food at home in U.S. city average, all urban consumers, not seasonally adjusted",2018,2,M02,February,2018-02,239.19,[{}]
CUUR0000SAF11,"Consumer Price Index for All Urban Consumers (CPI-U): Food at home in U.S. city average, all urban consumers, not seasonally adjusted",2018,3,M03,March,2018-03,239.158,[{}]
CUUR0000SAF11,"Consumer Price Index for All Urban Consumers (CPI-U): Food at home in U.S. city average, all urban consumers, not seasonally adjusted",2018,4,M04,April,2018-04,240.129,[{}]
CUUR0000SAF11,"Consumer Price Index for All Urban Consumers (CPI-U): Food at home in U.S. city average, all urban consumers, not seasonally adjusted",2018,5,M05,May,2018-05,239.287,[{}]
CUUR0000SAF11,"Consumer Price Index for All Urban Consumers (CPI-U): Food at home in U.S. city average, all urban consumers, not seasonally adjusted",2018,6,M06,June,2018-06,239.158,[{}]
CUUR0000SAF11,"Consumer Price Index for All Urban Consumers (CPI-U): Food at home in U.S. city average, all urban consumers, not seasonally adjusted",2018,7,M07,July,2018-07,239.82,[{}]
CUUR0000SAF11,"Consumer Price Index for All Urban Consumers (CPI-U): Food at home in U.S. city average, all urban consumers, not seasonally adjusted",2018,8,M08,August,2018-08,240.015,[{}]
CUUR0000SAF11,"Consumer Price Index for All Urban Consumers (CPI-U): Food at home in U.S. city average, all urban consumers, not seasonally adjusted",2018,9,M09,September,2018-09,240.125,[{}]
CUUR0000SAF11,"Consumer Price Index for All Urban Consumers (CPI-U): Food at home in U.S. city average, all urban consumers, not seasonally adjusted",2018,10,M10,October,2018-10,239.882,[{}]
CUUR0000SAF11,"Consumer Price Index for All Urban Consumers (CPI-U): Food at home in U.S. city average, all urban consumers, not seasonally adjusted",2018,11,M11,November,2018-11,239.352,[{}]
CUUR0000SAF11,"Consumer Price Index for All Urban Consumers (CPI-U): Food at home in U.S. city average, all urban consumers, not seasonally adjusted",2018,12,M12,December,2018-12,239.989,[{}]
CUUR0000SAF11,"Consumer Price Index for All Urban Consumers (CPI-U): Food at home in U.S. city average, all urban consumers, not seasonally adjusted",2019,1,M01,January,2019-01,241.381,[{}]
CUUR0000SAF11,"Consumer Price Index for All Urban Consumers (CPI-U): Food at home in U.S. city average, all urban consumers, not seasonally adjusted",2019,2,M02,February,2019-02,242.057,[{}]
CUUR0000SAF11,"Consumer Price Index for All Urban Consumers (CPI-U): Food at home in U.S. city average, all urban consumers, not seasonally adjusted",2019,3,M03,March,2019-03,242.555,[{}]
CUUR0000SAF11,"Consumer Price Index for All Urban Consumers (CPI-U): Food at home in U.S. city average, all urban consumers, not seasonally adjusted",2019,4,M04,April,2019-04,241.878,[{}]
CUUR0000SAF11,"Consumer Price Index for All Urban Consumers (CPI-U): Food at home in U.S. city average, all urban consumers, not seasonally adjusted",2019,5,M05,May,2019-05,242.145,[{}]
CUUR0000SAF11,"Consumer Price Index for All Urban Consumers (CPI-U): Food at home in U.S. city average, all urban consumers, not seasonally adjusted",2019,6,M06,June,2019-06,241.407,[{}]
CUUR0000SAF11,"Consumer Price Index for All Urban Consumers (CPI-U): Food at home in U.S. city average, all urban consumers, not seasonally adjusted",2019,7,M07,July,2019-07,241.359,[{}]
CUUR0000SAF11,"Consumer Price Index for All Urban Consumers (CPI-U): Food at home in U.S. city average, all urban consumers, not seasonally adjusted",2019,8,M08,August,2019-08,241.153,[{}]
CUUR0000SAF11,"Consumer Price Index for All Urban Consumers (CPI-U): Food at home in U.S. city average, all urban consumers, not seasonally adjusted",2019,9,M09,September,2019-09,241.543,[{}]
CUUR0000SAF11,"Consumer Price Index for All Urban Consumers (CPI-U): Food at home in U.S. city average, all urban consumers, not seasonally adjusted",2019,10,M10,October,2019-10,242.34,[{}]
CUUR0000SAF11,"Consumer Price Index for All Urban Consumers (CPI-U): Food at home in U.S. city average, all urban consumers, not seasonally adjusted",2019,11,M11,November,2019-11,241.726,[{}]
CUUR0000SAF11,"Consumer Price Index for All Urban Consumers (CPI-U): Food at home in U.S. city average, all urban consumers, not seasonally adjusted",2019,12,M12,December,2019-12,241.75,[{}]
CUUR0000SAF11,"Consumer Price Index for All Urban Consumers (CPI-U): Food at home in U.S. city average, all urban consumers, not seasonally adjusted",2020,1,M01,January,2020-01,243.11,[{}]
CUUR0000SAF11,"Consumer Price Index for All Urban Consumers (CPI-U): Food at home in U.S. city average, all urban consumers, not seasonally adjusted",2020,2,M02,February,2020-02,244.054,[{}]
CUUR0000SAF11,"Consumer Price Index for All Urban Consumers (CPI-U): Food at home in U.S. city average, all urban consumers, not seasonally adjusted",2020,3,M03,March,2020-03,245.163,[{}]
CUUR0000SAF11,"Consumer Price Index for All Urban Consumers (CPI-U): Food at home in U.S. city average, all urban consumers, not seasonally adjusted",2020,4,M04,April,2020-04,251.717,[{}]
CUUR0000SAF11,"Consumer Price Index for All Urban Consumers (CPI-U): Food at home in U.S. city average, all urban consumers, not seasonally adjusted",2020,5,M05,May,2020-05,253.827,[{}]
CUUR0000SAF11,"Consumer Price Index for All Urban Consumers (CPI-U): Food at home in U.S. city average, all urban consumers, not seasonally adjusted",2020,6,M06,June,2020-06,255.042,[{}]
CUUR0000SAF11,"Consumer Price Index for All Urban Consumers (CPI-U): Food at home in U.S. city average, all urban consumers, not seasonally adjusted",2020,7,M07,July,2020-07,252.563,[{}]
CUUR0000SAF11,"Consumer Price Index for All Urban Consumers (CPI-U): Food at home in U.S. city average, all urban consumers, not seasonally adjusted",2020,8,M08,August,2020-08,252.352,[{}]
CUUR0000SAF11,"Consumer Price Index for All Urban Consumers (CPI-U): Food at home in U.S. city average, all urban consumers, not seasonally adjusted",2020,9,M09,September,2020-09,251.369,[{}]
CUUR0000SAF11,"Consumer Price Index for All Urban Consumers (CPI-U): Food at home in U.S. city average, all urban consumers, not seasonally adjusted",2020,10,M10,October,2020-10,251.937,[{}]
CUUR0000SAF11,"Consumer Price Index for All Urban Consumers (CPI-U): Food at home in U.S. city average, all urban consumers, not seasonally adjusted",2020,11,M11,November,2020-11,250.407,[{}]
CUUR0000SAF11,"Consumer Price Index for All Urban Consumers (CPI-U): Food at home in U.S. city average, all urban consumers, not seasonally adjusted",2020,12,M12,December,2020-12,251.253,[{}]
CUUR0000SAF11,"Consumer Price Index for All Urban Consumers (CPI-U): Food at home in U.S. city average, all urban consumers, not seasonally adjusted",2021,1,M01,January,2021-01,252.107,[{}]
CUUR0000SAF11,"Consumer Price Index for All Urban Consumers (CPI-U): Food at home in U.S. city average, all urban consumers, not seasonally adjusted",2021,2,M02,February,2021-02,252.716,[{}]
CUUR0000SAF11,"Consumer Price Index for All Urban Consumers (CPI-U): Food at home in U.S. city average, all urban consumers, not seasonally adjusted",2021,3,M03,March,2021-03,253.231,[{}]
CUUR0000SAF11,"Consumer Price Index for All Urban Consumers (CPI-U): Food at home in U.S. city average, all urban consumers, not seasonally adjusted",2021,4,M04,April,2021-04,254.76,[{}]
CUUR0000SAF11,"Consumer Price Index for All Urban Consumers (CPI-U): Food at home in U.S. city average, all urban consumers, not seasonally adjusted",2021,5,M05,May,2021-05,255.516,[{}]
CUUR0000SAF11,"Consumer Price Index for All Urban Consumers (CPI-U): Food at home in U.S. city average, all urban consumers, not seasonally adjusted",2021,6,M06,June,2021-06,257.412,[{}]
CUUR0000SAF11,"Consumer Price Index for All Urban Consumers (CPI-U): Food at home in U.S. city average, all urban consumers, not seasonally adjusted",2021,7,M07,July,2021-07,259.022,[{}]
CUUR0000SAF11,"Consumer Price Index for All Urban Consumers (CPI-U): Food at home in U.S. city average, all urban consumers, not seasonally adjusted",2021,8,M08,August,2021-08,259.825,[{}]
CUUR0000SAF11,"Consumer Price Index for All Urban Consumers (CPI-U): Food at home in U.S. city average, all urban consumers, not seasonally adjusted",2021,9,M09,September,2021-09,262.695,[{}]
CUUR0000SAF11,"Consumer Price Index for All Urban Consumers (CPI-U): Food at home in U.S. city average, all urban consumers, not seasonally adjusted",2021,10,M10,October,2021-10,265.478,[{}]
CUUR0000SAF11,"Consumer Price Index for All Urban Consumers (CPI-U): Food at home in U.S. city average, all urban consumers, not seasonally adjusted",2021,11,M11,November,2021-11,266.384,[{}]
CUUR0000SAF11,"Consumer Price Index for All Urban Consumers (CPI-U): Food at home in U.S. city average, all urban consumers, not seasonally adjusted",2021,12,M12,December,2021-12,267.555,[{}]
CUUR0000SAF11,"Consumer Price Index for All Urban Consumers (CPI-U): Food at home in U.S. city average, all urban consumers, not seasonally adjusted",2022,1,M01,January,2022-01,270.711,[{}]
CUUR0000SAF11,"Consumer Price Index for All Urban Consumers (CPI-U): Food at home in U.S. city average, all urban consumers, not seasonally adjusted",2022,2,M02,February,2022-02,274.568,[{}]
CUUR0000SAF11,"Consumer Price Index for All Urban Consumers (CPI-U): Food at home in U.S. city average, all urban consumers, not seasonally adjusted",2022,3,M03,March,2022-03,278.612,[{}]
CUUR0000SAF11,"Consumer Price Index for All Urban Consumers (CPI-U): Food at home in U.S. city average, all urban consumers, not seasonally adjusted",2022,4,M04,April,2022-04,282.161,[{}]
CUUR0000SAF11,"Consumer Price Index for All Urban Consumers (CPI-U): Food at home in U.S. city average, all urban consumers, not seasonally adjusted",2022,5,M05,May,2022-05,285.953,[{}]
CUUR0000SAF11,"Consumer Price Index for All Urban Consumers (CPI-U): Food at home in U.S. city average, all urban consumers, not seasonally adjusted",2022,6,M06,June,2022-06,288.884,[{}]
CUUR0000SAF11,"Consumer Price Index for All Urban Consumers (CPI-U): Food at home in U.S. city average, all urban consumers, not seasonally adjusted",2022,7,M07,July,2022-07,292.972,[{}]
CUUR0000SAF11,"Consumer Price Index for All Urban Consumers (CPI-U): Food at home in U.S. city average, all urban consumers, not seasonally adjusted",2022,8,M08,August,2022-08,295.007,[{}]
CUUR0000SAF11,"Consumer Price Index for All Urban Consumers (CPI-U): Food at home in U.S. city average, all urban consumers, not seasonally adjusted",2022,9,M09,September,2022-09,296.771,[{}]
CUUR0000SAF11,"Consumer Price Index for All Urban Consumers (CPI-U): Food at home in U.S. city average, all urban consumers, not seasonally adjusted",2022,10,M10,October,2022-10,298.401,[{}]
CUUR0000SAF11,"Consumer Price Index for All Urban Consumers (CPI-U): Food at home in U.S. city average, all urban consumers, not seasonally adjusted",2022,11,M11,November,2022-11,298.284,[{}]
CUUR0000SAF11,"Consumer Price Index for All Urban Consumers (CPI-U): Food at home in U.S. city average, all urban consumers, not seasonally adjusted",2022,12,M12,December,2022-12,299.089,[{}]
CUUR0000SAF11,"Consumer Price Index for All Urban Consumers (CPI-U): Food at home in U.S. city average, all urban consumers, not seasonally adjusted",2023,1,M01,January,2023-01,301.435,[{}]
CUUR0000SAF11,"Consumer Price Index for All Urban Consumers (CPI-U): Food at home in U.S. city average, all urban consumers, not seasonally adjusted",2023,2,M02,February,2023-02,302.483,[{}]
CUUR0000SAF11,"Consumer Price Index for All Urban Consumers (CPI-U): Food at home in U.S. city average, all urban consumers, not seasonally adjusted",2023,3,M03,March,2023-03,301.918,[{}]
CUUR0000SAF11,"Consumer Price Index for All Urban Consumers (CPI-U): Food at home in U.S. city average, all urban consumers, not seasonally adjusted",2023,4,M04,April,2023-04,302.328,[{}]
CUUR0000SAF11,"Consumer Price Index for All Urban Consumers (CPI-U): Food at home in U.S. city average, all urban consumers, not seasonally adjusted",2023,5,M05,May,2023-05,302.535,[{}]
CUUR0000SAF11,"Consumer Price Index for All Urban Consumers (CPI-U): Food at home in U.S. city average, all urban consumers, not seasonally adjusted",2023,6,M06,June,2023-06,302.335,[{}]
CUUR0000SAF11,"Consumer Price Index for All Urban Consumers (CPI-U): Food at home in U.S. city average, all urban consumers, not seasonally adjusted",2023,7,M07,July,2023-07,303.455,[{}]
CUUR0000SAF11,"Consumer Price Index for All Urban Consumers (CPI-U): Food at home in U.S. city average, all urban consumers, not seasonally adjusted",2023,8,M08,August,2023-08,303.716,[{}]
CUUR0000SAF11,"Consumer Price Index for All Urban Consumers (CPI-U): Food at home in U.S. city average, all urban consumers, not seasonally adjusted",2023,9,M09,September,2023-09,303.925,[{}]
CUUR0000SAF11,"Consumer Price Index for All Urban Consumers (CPI-U): Food at home in U.S. city average, all urban consumers, not seasonally adjusted",2023,10,M10,October,2023-10,304.788,[{}]
CUUR0000SAF11,"Consumer Price Index for All Urban Consumers (CPI-U): Food at home in U.S. city average, all urban consumers, not seasonally adjusted",2023,11,M11,November,2023-11,303.224,[{}]
CUUR0000SAF11,"Consumer Price Index for All Urban Consumers (CPI-U): Food at home in U.S. city average, all urban consumers, not seasonally adjusted",2023,12,M12,December,2023-12,303.005,[{}]
CUUR0000SAF11,"Consumer Price Index for All Urban Consumers (CPI-U): Food at home in U.S. city average, all urban consumers, not seasonally adjusted",2024,1,M01,January,2024-01,305.037,[{}]
CUUR0000SAF11,"Consumer Price Index for All Urban Consumers (CPI-U): Food at home in U.S. city average, all urban consumers, not seasonally adjusted",2024,2,M02,February,2024-02,305.469,[{}]
CUUR0000SAF11,"Consumer Price Index for All Urban Consumers (CPI-U): Food at home in U.S. city average, all urban consumers, not seasonally adjusted",2024,3,M03,March,2024-03,305.426,[{}]
CUUR0000SAF11,"Consumer Price Index for All Urban Consumers (CPI-U): Food at home in U.S. city average, all urban consumers, not seasonally adjusted",2024,4,M04,April,2024-04,305.707,[{}]
CUUR0000SAF11,"Consumer Price Index for All Urban Consumers (CPI-U): Food at home in U.S. city average, all urban consumers, not seasonally adjusted",2024,5,M05,May,2024-05,305.679,[{}]
CUUR0000SAF11,"Consumer Price Index for All Urban Consumers (CPI-U): Food at home in U.S. city average, all urban consumers, not seasonally adjusted",2024,6,M06,June,2024-06,305.752,[{}]
CUUR0000SAF11,"Consumer Price Index for All Urban Consumers (CPI-U): Food at home in U.S. city average, all urban consumers, not seasonally adjusted",2024,7,M07,July,2024-07,306.643,[{}]
CUUR0000SAF11,"Consumer Price Index for All Urban Consumers (CPI-U): Food at home in U.S. city average, all urban consumers, not seasonally adjusted",2024,8,M08,August,2024-08,306.402,[{}]
CUUR0000SAF11,"Consumer Price Index for All Urban Consumers (CPI-U): Food at home in U.S. city average, all urban consumers, not seasonally adjusted",2024,9,M09,September,2024-09,307.767,[{}]
CUUR0000SAF11,"Consumer Price Index for All Urban Consumers (CPI-U): Food at home in U.S. city average, all urban consumers, not seasonally adjusted",2024,10,M10,October,2024-10,308.2,[{}]
CUUR0000SAF11,"Consumer Price Index for All Urban Consumers (CPI-U): Food at home in U.S. city average, all urban consumers, not seasonally adjusted",2024,11,M11,November,2024-11,307.972,[{}]
CUUR0000SAF11,"Consumer Price Index for All Urban Consumers (CPI-U): Food at home in U.S. city average, all urban consumers, not seasonally adjusted",2024,12,M12,December,2024-12,308.38,[{}]
CUUR0000SAF11,"Consumer Price Index for All Urban Consumers (CPI-U): Food at home in U.S. city average, all urban consumers, not seasonally adjusted",2025,1,M01,January,2025-01,310.936,[{}]
CUUR0000SAF11,"Consumer Price Index for All Urban Consumers (CPI-U): Food at home in U.S. city average, all urban consumers, not seasonally adjusted",2025,2,M02,February,2025-02,311.284,[{}]
CUUR0000SAF11,"Consumer Price Index for All Urban Consumers (CPI-U): Food at home in U.S. city average, all urban consumers, not seasonally adjusted",2025,3,M03,March,2025-03,312.815,[{}]
CUUR0000SAF11,"Consumer Price Index for All Urban Consumers (CPI-U): Food at home in U.S. city average, all urban consumers, not seasonally adjusted",2025,4,M04,April,2025-04,311.84,[{}]
CUUR0000SAF11,"Consumer Price Index for All Urban Consumers (CPI-U): Food at home in U.S. city average, all urban consumers, not seasonally adjusted",2025,5,M05,May,2025-05,312.491,[{}]
CUUR0000SAF11,"Consumer Price Index for All Urban Consumers (CPI-U): Food at home in U.S. city average, all urban consumers, not seasonally adjusted",2025,6,M06,June,2025-06,313.028,[{}]
CUUR0000SAF11,"Consumer Price Index for All Urban Consumers (CPI-U): Food at home in U.S. city average, all urban consumers, not seasonally adjusted",2025,7,M07,July,2025-07,313.263,[{}]
CUUR0000SAF11,"Consumer Price Index for All Urban Consumers (CPI-U): Food at home in U.S. city average, all urban consumers, not seasonally adjusted",2025,8,M08,August,2025-08,314.608,[{}]
CUUR0000SAF11,"Consumer Price Index for All Urban Consumers (CPI-U): Food at home in U.S. city average, all urban consumers, not seasonally adjusted",2025,9,M09,September,2025-09,316.042,[{}]
CUUR0000SAF11,"Consumer Price Index for All Urban Consumers (CPI-U): Food at home in U.S. city average, all urban consumers, not seasonally adjusted",2025,11,M11,November,2025-11,313.954,[{}]
CUUR0000SAF11,"Consumer Price Index for All Urban Consumers (CPI-U): Food at home in U.S. city average, all urban consumers, not seasonally adjusted",2025,12,M12,December,2025-12,315.664,[{}]
CUUR0000SAF11,"Consumer Price Index for All Urban Consumers (CPI-U): Food at home in U.S. city average, all urban consumers, not seasonally adjusted",2026,1,M01,January,2026-01,317.431,[{}]
CUUR0000SAF11,"Consumer Price Index for All Urban Consumers (CPI-U): Food at home in U.S. city average, all urban consumers, not seasonally adjusted",2026,2,M02,February,2026-02,318.898,[{}]
